University Rank,University Name,Professor Name,Home Page,Google Scholar
1,CISPA Helmholtz Center,Michael Backes,https://cispa.de/en/people/backes,https://scholar.google.com/citations?user=ZVS3KOEAAAAJ&hl=en&oi=ao
1,CISPA Helmholtz Center,Yang Zhang,https://yangzhangalmo.github.io,https://scholar.google.com/citations?user=Xeb2888AAAAJ&hl=en&oi=ao
1,CISPA Helmholtz Center,Michael Schwarz,https://cispa.de/en/people/c02misc,https://scholar.google.com/citations?user=2HPadJUAAAAJ&hl=en&oi=ao
1,CISPA Helmholtz Center,Sascha Fahl,https://saschafahl.de,https://scholar.google.com/citations?user=uiB3WGEAAAAJ&hl=en&oi=ao
1,CISPA Helmholtz Center,Thorsten Holz,http://syssec.rub.de/~tho,https://scholar.google.com/citations?user=tv2HR38AAAAJ&hl=en&oi=ao
1,CISPA Helmholtz Center,Cas Cremers,https://cispa.saarland/people/cas.cremers,https://scholar.google.com/citations?user=3uT_2lcAAAAJ&hl=en&oi=ao
1,CISPA Helmholtz Center,Ben Stock,https://people.cispa.io/ben.stock,https://scholar.google.com/citations?user=_hDa-5wAAAAJ&hl=en&oi=ao
1,CISPA Helmholtz Center,Mario Fritz,https://cispa.saarland/people/gallery,https://scholar.google.com/citations?user=4V1nNm4AAAAJ&hl=en&oi=ao
1,CISPA Helmholtz Center,Katharina Krombholz,https://cispa.saarland/people/katharina.krombholz,https://scholar.google.com/citations?user=BkeawyUAAAAJ&hl=en&oi=ao
1,CISPA Helmholtz Center,Julian Loss,https://www.julianloss.com,https://scholar.google.com/citations?user=RTGQifoAAAAJ&hl=en&oi=ao
1,CISPA Helmholtz Center,Christian Rossow,https://christian-rossow.de,https://scholar.google.com/citations?user=lNn4hRMAAAAJ&hl=en&oi=ao
1,CISPA Helmholtz Center,Ali Abbasi,https://ali-abbasi.info,https://scholar.google.com/citations?user=7BgdiU4AAAAJ&hl=en&oi=ao
1,CISPA Helmholtz Center,Lucjan Hanzlik,https://cispa.saarland/people/lucjan.hanzlik,https://scholar.google.com/citations?user=xV54a20AAAAJ&hl=en&oi=ao
1,CISPA Helmholtz Center,Giancarlo Pellegrino,https://people.cispa.io/giancarlo.pellegrino,https://scholar.google.com/citations?user=PC_RNUcAAAAJ&hl=en&oi=ao
1,CISPA Helmholtz Center,Maximilian Golla,https://maximiliangolla.com,https://scholar.google.com/citations?user=FC0ACFUAAAAJ&hl=en&oi=ao
1,CISPA Helmholtz Center,CristianAlexandru Staicu,https://www.staicu.org,https://scholar.google.com/citations?user=JmpDeRQAAAAJ&hl=en&oi=ao
1,CISPA Helmholtz Center,Nils Ole Tippenhauer,https://cispa.saarland/people/nils.tippenhauer,https://scholar.google.com/citations?user=IptcAgQAAAAJ&hl=en&oi=ao
1,CISPA Helmholtz Center,Sven Bugiel,https://trust.cispa.saarland/~bugiel,https://scholar.google.com/citations?user=sPrlusAAAAAJ&hl=en&oi=ao
1,CISPA Helmholtz Center,Wouter Lueks,https://wouterlueks.nl,https://scholar.google.com/citations?user=RY6zQiYAAAAJ&hl=en&oi=ao
1,CISPA Helmholtz Center,Nico Dttling,https://cispa.saarland/people/nico.doettling,https://scholar.google.com/citations?user=F8rmIoIAAAAJ&hl=en&oi=ao
1,CISPA Helmholtz Center,Franziska Boenisch,https://franziska-boenisch.de,https://scholar.google.com/citations?user=jKY0y8gAAAAJ&hl=en&oi=ao
1,CISPA Helmholtz Center,Aurore Fass,https://aurore54f.github.io,https://scholar.google.com/citations?user=NuD8rUoAAAAJ&hl=en&oi=ao
1,CISPA Helmholtz Center,Lea Schnherr,https://leaschoenherr.me,https://scholar.google.com/citations?user=DtLfiGoAAAAJ&hl=en&oi=ao
1,CISPA Helmholtz Center,Mridula Singh,https://cispa.de/en/people/c01mrsi,https://scholar.google.com/citations?user=0nTK5BsAAAAJ&hl=en&oi=ao
1,CISPA Helmholtz Center,Andreas Zeller,https://andreas-zeller.info,https://scholar.google.com/citations?user=-Qytr_YAAAAJ&hl=en&oi=ao
2,Georgia Institute of Technology,Daniel Genkin,https://faculty.cc.gatech.edu/~genkin,https://scholar.google.com/citations?user=BqkyhDEAAAAJ&hl=en&oi=ao
2,Georgia Institute of Technology,Wenke Lee,http://wenke.gtisc.gatech.edu,https://scholar.google.com/citations?user=nfkH5V4AAAAJ&hl=en&oi=ao
2,Georgia Institute of Technology,Taesoo Kim,https://taesoo.gtisc.gatech.edu,https://scholar.google.com/citations?user=06hgT8gAAAAJ&hl=en&oi=ao
2,Georgia Institute of Technology,Raheem A Beyah,https://rbeyah.ece.gatech.edu,https://scholar.google.com/citations?user=KhnJQ20AAAAJ&hl=en&oi=ao
2,Georgia Institute of Technology,Frank Li,https://frankli.ece.gatech.edu,https://scholar.google.com/citations?user=Iv7K07UAAAAJ&hl=en&oi=ao
2,Georgia Institute of Technology,Brendan Saltaformaggio,https://saltaformaggio.ece.gatech.edu,https://scholar.google.com/citations?user=1GsJvtwAAAAJ&hl=en&oi=ao
2,Georgia Institute of Technology,Vladimir Kolesnikov,https://www.scs.gatech.edu/people/vladimir-kolesnikov,https://scholar.google.com/citations?user=1vwuDM4AAAAJ&hl=en&oi=ao
2,Georgia Institute of Technology,Manos Antonakakis,https://sites.google.com/site/antonakakis,https://scholar.google.com/citations?user=P6VJcVIAAAAJ&hl=en&oi=ao
2,Georgia Institute of Technology,Fabian Monrose,https://fabianmonrose.github.io,https://scholar.google.com/citations?user=a6u7NTgAAAAJ&hl=en&oi=ao
2,Georgia Institute of Technology,Paul Pearce,https://www.cc.gatech.edu/~pearce,https://scholar.google.com/citations?user=JvY2c4YAAAAJ&hl=en&oi=ao
2,Georgia Institute of Technology,Michael D Bailey,https://faculty.cc.gatech.edu/~mbailey,https://scholar.google.com/citations?user=sMnocAYAAAAJ&hl=en&oi=ao
2,Georgia Institute of Technology,Angelos D Keromytis,https://angelosk.github.io,https://scholar.google.com/citations?user=mncyWbcAAAAJ&hl=en&oi=ao
2,Georgia Institute of Technology,Mustaque Ahamad,http://www.cc.gatech.edu/~mustaq,https://scholar.google.com/citations?user=xkCYK58AAAAJ&hl=en&oi=ao
2,Georgia Institute of Technology,Alberto Dainotti,https://www.cc.gatech.edu/~adainotti6,https://scholar.google.com/citations?user=oZNdAREAAAAJ&hl=en&oi=ao
2,Georgia Institute of Technology,Tucker R Balch,http://www.cc.gatech.edu/home/tucker,https://scholar.google.com/citations?user=jM1cT4QAAAAJ&hl=en&oi=ao
2,Georgia Institute of Technology,Alexandra Boldyreva,http://www.cc.gatech.edu/~aboldyre,https://scholar.google.com/citations?user=8mHLyRoAAAAJ&hl=en&oi=ao
2,Georgia Institute of Technology,David Devecsery,https://www.cc.gatech.edu/~ddevecsery6,https://scholar.google.com/citations?user=HaJWLb0AAAAJ&hl=en&oi=ao
2,Georgia Institute of Technology,W Keith Edwards,http://www.cc.gatech.edu/~keith,https://scholar.google.com/citations?user=QYqwwwcAAAAJ&hl=en&oi=ao
2,Georgia Institute of Technology,Moinuddin K Qureshi,http://moin.ece.gatech.edu,https://scholar.google.com/citations?user=EWU0STsAAAAJ&hl=en&oi=ao
2,Georgia Institute of Technology,Saman A Zonouz,https://sites.google.com/site/samanzonouz4n6/saman-zonouz,https://scholar.google.com/citations?user=kgFnNewAAAAJ&hl=en&oi=ao
3,Purdue University,Xiangyu Zhang,https://www.cs.purdue.edu/homes/xyzhang,https://scholar.google.com/citations?user=yuB-cfoAAAAJ&hl=en&oi=ao
3,Purdue University,Dongyan Xu,https://www.cs.purdue.edu/homes/dxu,https://scholar.google.com/citations?user=CQcd1cQAAAAJ&hl=en&oi=ao
3,Purdue University,Jing Dave Tian,https://davejingtian.org,https://scholar.google.com/citations?user=xtclQ8AAAAAJ&hl=en&oi=ao
3,Purdue University,Antonio Bianchi,https://antoniobianchi.me,https://scholar.google.com/citations?user=RMm4j1AAAAAJ&hl=en&oi=ao
3,Purdue University,Z Berkay Celik,https://beerkay.github.io,https://scholar.google.com/citations?user=g1I269gAAAAJ&hl=en&oi=ao
3,Purdue University,Aniket Kate,https://www.cs.purdue.edu/homes/akate,https://scholar.google.com/citations?user=dmhWxJgAAAAJ&hl=en&oi=ao
3,Purdue University,Ninghui Li,https://www.cs.purdue.edu/homes/ninghui,https://scholar.google.com/citations?user=Qc_4yiYAAAAJ&hl=en&oi=ao
3,Purdue University,Elisa Bertino,https://www.cs.purdue.edu/people/bertino,https://scholar.google.com/citations?user=EfuT9RoAAAAJ&hl=en&oi=ao
3,Purdue University,Mohammadkazem Taram,https://www.cs.purdue.edu/people/faculty/mtaram.html,https://scholar.google.com/citations?user=DX4p3bQAAAAJ&hl=en&oi=ao
3,Purdue University,Pedro Fonseca,https://www.cs.purdue.edu/homes/pfonseca,https://scholar.google.com/citations?user=xTvNYN8AAAAJ&hl=en&oi=ao
3,Purdue University,Saurabh Bagchi,https://engineering.purdue.edu/ECE/People/ptProfile?resource_id=3261,https://scholar.google.com/citations?user=3EfsOvYAAAAJ&hl=en&oi=ao
3,Purdue University,Jeremiah Blocki,https://www.cs.purdue.edu/homes/jblocki,https://scholar.google.com/citations?user=KBvKjbMAAAAJ&hl=en&oi=ao
3,Purdue University,Christina Garman,https://www.cs.purdue.edu/people/faculty/clg,https://scholar.google.com/citations?user=r_GU-AwAAAAJ&hl=en&oi=ao
3,Purdue University,Dan Goldwasser,https://www.cs.purdue.edu/homes/dgoldwas,https://scholar.google.com/citations?user=u8358QgAAAAJ&hl=en&oi=ao
3,Purdue University,Jean Honorio,https://www.cs.purdue.edu/homes/jhonorio,https://scholar.google.com/citations?user=8OW3TMMAAAAJ&hl=en&oi=ao
3,Purdue University,Changhee Jung,https://www.cs.purdue.edu/homes/chjung,https://scholar.google.com/citations?user=_sIzYHAAAAAJ&hl=en&oi=ao
3,Purdue University,ChristosAlexandros Psomas,https://www.alexpsomas.com,https://scholar.google.com/citations?user=FrTxJzcAAAAJ&hl=en&oi=ao
3,Purdue University,Vassilis Zikas,https://www.cs.purdue.edu/homes/vzikas,https://scholar.google.com/citations?user=bsFxGUIAAAAJ&hl=en&oi=ao
4,ETH Zurich,Kenneth G Paterson,https://appliedcrypto.ethz.ch/people/kenny-paterson.html,https://scholar.google.com/citations?user=NkuWcH0AAAAJ&hl=en&oi=ao
4,ETH Zurich,Kaveh Razavi,https://comsec.ethz.ch/people/kaveh-razavi,https://scholar.google.com/citations?user=bWBN3cwAAAAJ&hl=en&oi=ao
4,ETH Zurich,Srdjan Capkun,http://www.syssec.ethz.ch/people/capkun,https://scholar.google.com/citations?user=VtkPBNsAAAAJ&hl=en&oi=ao
4,ETH Zurich,David A Basin,https://www.inf.ethz.ch/personal/basin,
4,ETH Zurich,Adrian Perrig,http://www.netsec.ethz.ch/people/aperrig,https://scholar.google.com/citations?user=n-Oret4AAAAJ&hl=en&oi=ao
4,ETH Zurich,Florian Tramr,https://floriantramer.com,https://scholar.google.com/citations?user=ijH0-a8AAAAJ&hl=en&oi=ao
4,ETH Zurich,Martin T Vechev,http://www.srl.inf.ethz.ch/vechev.php,https://scholar.google.com/citations?user=aZ1Rh50AAAAJ&hl=en&oi=ao
4,ETH Zurich,Shweta Shinde,https://n.ethz.ch/~sshivaji,https://scholar.google.com/citations?user=KYumLGkAAAAJ&hl=en&oi=ao
4,ETH Zurich,Torsten Hoefler,https://htor.inf.ethz.ch,https://scholar.google.com/citations?user=DdBvcBEAAAAJ&hl=en&oi=ao
4,ETH Zurich,Onur Mutlu,https://people.inf.ethz.ch/omutlu,https://scholar.google.com/citations?user=7XyGUGkAAAAJ&hl=en&oi=ao
4,ETH Zurich,Peter Mller,http://www.pm.inf.ethz.ch/people/personal/pmueller-pers.html,https://scholar.google.com/citations?user=iJ0qZckAAAAJ&hl=en&oi=ao
4,ETH Zurich,Zhendong Su,http://web.cs.ucdavis.edu/~su,https://scholar.google.com/citations?user=RivxoIcAAAAJ&hl=en&oi=ao
4,ETH Zurich,Roger Wattenhofer,https://disco.ethz.ch,https://scholar.google.com/citations?user=EG3VPm4AAAAJ&hl=en&oi=ao
5,Tsinghua University,HaiXin Duan,https://netsec.ccert.edu.cn/duanhx,https://scholar.google.com/citations?user=yGTOi34AAAAJ&hl=en&oi=ao
5,Tsinghua University,Chao Zhang,https://www.cs.tsinghua.edu.cn/info/1127/3590.htm,https://scholar.google.com/citations?user=YreXlgsAAAAJ&hl=en&oi=ao
5,Tsinghua University,Qi Li,https://www.cs.tsinghua.edu.cn/publish/csen/4623/2020/20200105201627634466124/20200105201627634466124_.html,
5,Tsinghua University,Ke Xu,http://www.cs.tsinghua.edu.cn/publish/csen/4623/2010/20101224195105834581145/20101224195105834581145_.html,https://scholar.google.com/citations?user=_XXLtZgAAAAJ&hl=en&oi=ao
5,Tsinghua University,Zhuotao Liu,https://inspiringgroup.github.io,https://scholar.google.com/citations?user=F8gi4rcAAAAJ&hl=en&oi=ao
5,Tsinghua University,Jianjun Chen,https://jianjunchen.com,https://scholar.google.com/citations?user=7ryl0L8AAAAJ&hl=en&oi=ao
5,Tsinghua University,Yu Jiang,https://sites.google.com/site/jiangyu198964/home,
5,Tsinghua University,Mingwei Xu,http://routing.netlab.edu.cn/tiki-index.php?page=Mingwei+Xu,https://scholar.google.com/citations?user=xL6zuCMAAAAJ&hl=en&oi=ao
5,Tsinghua University,JiaGuang Sun,http://www.thss.tsinghua.edu.cn/publish/soften/3131/2010/20101219095105462245998/20101219095105462245998_.html,
5,Tsinghua University,Jianping Wu,http://www.cs.tsinghua.edu.cn/publish/csen/4623/2010/20101224194435414856631/20101224194435414856631_.html,https://scholar.google.com/citations?user=Y-nqSYgAAAAJ&hl=en&oi=ao
5,Tsinghua University,ShiMin Hu,http://cg.cs.tsinghua.edu.cn/shimin.htm,https://scholar.google.com/citations?user=LDb4tb0AAAAJ&hl=en&oi=ao
5,Tsinghua University,Yuanjie Li,http://yuanjiel.com,https://scholar.google.com/citations?user=CuhB7CMAAAAJ&hl=en&oi=ao
5,Tsinghua University,Zhenhua Li,http://www.greenorbs.org/people/lzh,
5,Tsinghua University,Hai Wan,http://www.thss.tsinghua.edu.cn/publish/soften/3131/2017/20170413101707097534409/20170413101707097534409_.html,
5,Tsinghua University,Zhiliang Wang,http://netarchlab.tsinghua.edu.cn/~wzl/index_chn.html,
5,Tsinghua University,Wei Xu,http://iiis.tsinghua.edu.cn/~weixu,https://scholar.google.com/citations?user=6jN5vScAAAAJ&hl=en&oi=ao
5,Tsinghua University,Xia Yin,http://www.tsinghua.edu.cn/publish/csen/4623/2010/20101226110908587907841/20101226110908587907841_.html,https://scholar.google.com/citations?user=SKxhz04AAAAJ&hl=en&oi=ao
5,Tsinghua University,Mingsheng Ying,https://www.cs.tsinghua.edu.cn/csen/info/1186/4020.htm,https://scholar.google.com/citations?user=jjPif6cAAAAJ&hl=en&oi=ao
5,Tsinghua University,Xibin Zhao,http://www.thss.tsinghua.edu.cn/publish/soften/3131/2010/20101219192857877627039/20101219192857877627039_.html,
5,Tsinghua University,Jun Zhu,http://ml.cs.tsinghua.edu.cn/~jun/index.shtml,https://scholar.google.com/citations?user=axsP38wAAAAJ&hl=en&oi=ao
5,Tsinghua University,Jianwei Zhuge,http://netsec.ccert.edu.cn/zhugejw,https://scholar.google.com/citations?user=ndC7PCQAAAAJ&hl=en&oi=ao
6,Zhejiang University,Shouling Ji,http://person.zju.edu.cn/sji,https://scholar.google.com/citations?user=5HoF_9oAAAAJ&hl=en&oi=ao
6,Zhejiang University,Wenyuan Xu,https://person.zju.edu.cn/en/wyxu,https://scholar.google.com/citations?user=FCsdj0YAAAAJ&hl=en&oi=ao
6,Zhejiang University,Yajin Zhou,http://yajin.org,https://scholar.google.com/citations?user=N1oeOPwAAAAJ&hl=en&oi=ao
6,Zhejiang University,Kui Ren,https://person.zju.edu.cn/kuiren,https://scholar.google.com/citations?user=uuQA_rcAAAAJ&hl=en&oi=ao
6,Zhejiang University,Wenbo Shen,https://wenboshen.org,https://scholar.google.com/citations?user=nNDIx9MAAAAJ&hl=en&oi=ao
6,Zhejiang University,Wenzhi Chen,http://mypage.zju.edu.cn/chenwenzhi,
6,Zhejiang University,Lei Wu,https://person.zju.edu.cn/lei_wu,https://scholar.google.com/citations?user=xOVpf1sAAAAJ&hl=en&oi=ao
6,Zhejiang University,Jianwei Yin,http://mypage.zju.edu.cn/0001038,https://scholar.google.com/citations?user=0s1A5fwAAAAJ&hl=en&oi=ao
6,Zhejiang University,Song Li,https://songli.io,https://scholar.google.com/citations?user=BBPDISIAAAAJ&hl=en&oi=ao
6,Zhejiang University,Peisen Yao,https://rainoftime.github.io,https://scholar.google.com/citations?user=ijXQzv8AAAAJ&hl=en&oi=ao
6,Zhejiang University,Zhongjie Ba,https://person.zju.edu.cn/zhongjieba,https://scholar.google.com/citations?user=dO2kc6kAAAAJ&hl=en&oi=ao
6,Zhejiang University,Zhan Qin,https://person.zju.edu.cn/qinzhan,https://scholar.google.com/citations?user=5fa4lOQAAAAJ&hl=en&oi=ao
6,Zhejiang University,Chunming Wu,http://mypage.zju.edu.cn/0095168,
6,Zhejiang University,Shuiguang Deng,http://mypage.zju.edu.cn/shuiguang,https://scholar.google.com/citations?user=txbuN0YAAAAJ&hl=en&oi=ao
6,Zhejiang University,Qinming He,http://mypage.zju.edu.cn/0088262,
6,Zhejiang University,Feng Lin,https://person.zju.edu.cn/person/flin,https://scholar.google.com/citations?user=gyBxQOAAAAAJ&hl=en&oi=ao
6,Zhejiang University,Jian Liu,https://person.zju.edu.cn/0019840,https://scholar.google.com/citations?user=-T_UNHwAAAAJ&hl=en&oi=ao
6,Zhejiang University,Li Lu,https://person.zju.edu.cn/lynnluli,https://scholar.google.com/citations?user=mQSqGYAAAAAJ&hl=en&oi=ao
6,Zhejiang University,Zhibo Wang,https://person.zju.edu.cn/zhibowang,https://scholar.google.com/citations?user=0ox7zDkAAAAJ&hl=en&oi=ao
6,Zhejiang University,Mingxue Zhang,https://zhangmx1997.github.io,https://scholar.google.com/citations?user=73M-epsAAAAJ&hl=en&oi=ao
7,Univ of Illinois at UrbanaChampaign,Ling Ren,https://sites.google.com/view/renling,https://scholar.google.com/citations?user=0uB26_QAAAAJ&hl=en&oi=ao
7,Univ of Illinois at UrbanaChampaign,Gang Wang,http://people.cs.vt.edu/gangwang,https://scholar.google.com/citations?user=-DfTtxgAAAAJ&hl=en&oi=ao
7,Univ of Illinois at UrbanaChampaign,Christopher W Fletcher,http://cwfletcher.net,https://scholar.google.com/citations?user=QRw9-IYAAAAJ&hl=en&oi=ao
7,Univ of Illinois at UrbanaChampaign,Adam Bates,http://adambates.org,https://scholar.google.com/citations?user=1dVglBkAAAAJ&hl=en&oi=ao
7,Univ of Illinois at UrbanaChampaign,Yang Wang,https://yangwang.ischool.illinois.edu,https://scholar.google.com/citations?user=bN-ipRAAAAAJ&hl=en&oi=ao
7,Univ of Illinois at UrbanaChampaign,Andrew Miller,http://soc1024.ece.illinois.edu,https://scholar.google.com/citations?user=KWqO1CgAAAAJ&hl=en&oi=ao
7,Univ of Illinois at UrbanaChampaign,Carl A Gunter,http://web.engr.illinois.edu/~cgunter,https://scholar.google.com/citations?user=3S5qpXsAAAAJ&hl=en&oi=ao
7,Univ of Illinois at UrbanaChampaign,Josep Torrellas,http://iacoma.cs.uiuc.edu/josep/torrellas.html,https://scholar.google.com/citations?user=zdnAkgsAAAAJ&hl=en&oi=ao
7,Univ of Illinois at UrbanaChampaign,Nikita Borisov,https://www.ece.illinois.edu/directory/profile/nikita,https://scholar.google.com/citations?user=MnsxqAcAAAAJ&hl=en&oi=ao
7,Univ of Illinois at UrbanaChampaign,Oluwasanmi Koyejo,http://sanmi.cs.illinois.edu,https://scholar.google.com/citations?user=EaaOeJwAAAAJ&hl=en&oi=ao
7,Univ of Illinois at UrbanaChampaign,Kirill Levchenko,http://klevchen.ece.illinois.edu,https://scholar.google.com/citations?user=bVGlTd4AAAAJ&hl=en&oi=ao
7,Univ of Illinois at UrbanaChampaign,William H Sanders,http://whs.crhc.illinois.edu,https://scholar.google.com/citations?user=FClnlsgAAAAJ&hl=en&oi=ao
7,Univ of Illinois at UrbanaChampaign,Elahe Soltanaghai,https://elahe.web.illinois.edu,https://scholar.google.com/citations?user=atrBEDkAAAAJ&hl=en&oi=ao
7,Univ of Illinois at UrbanaChampaign,Mahesh Viswanathan,http://vmahesh.cs.illinois.edu,https://scholar.google.com/citations?user=nztNRM0AAAAJ&hl=en&oi=ao
8,Fudan University,Min Yang,http://www.cs.fudan.edu.cn/?page_id=2665###,https://scholar.google.com/citations?user=UnKf9FIAAAAJ&hl=en&oi=ao
8,Fudan University,Yuan Zhang,https://yuanxzhang.github.io,https://scholar.google.com/citations?user=ZEgzyZcAAAAJ&hl=en&oi=ao
8,Fudan University,Zhemin Yang,http://www.cs.fudan.edu.cn/?page_id=12009###,https://scholar.google.com/citations?user=geN0ks0AAAAJ&hl=en&oi=ao
8,Fudan University,Mi Zhang,https://mi-zhang-fdu.github.io/index.chn.html,https://scholar.google.com/citations?user=lXL7QxMAAAAJ&hl=en&oi=ao
8,Fudan University,Guangliang Yang,https://yang-guangliang.github.io,https://scholar.google.com/citations?user=bh1JfPkAAAAJ&hl=en&oi=ao
8,Fudan University,Xiaohan Zhang,https://xhzhang.github.io,https://scholar.google.com/citations?user=Qe-LKawAAAAJ&hl=en&oi=ao
8,Fudan University,Weili Han,http://crypto.fudan.edu.cn/people/weili,https://scholar.google.com/citations?user=n5g_EI0AAAAJ&hl=en&oi=ao
8,Fudan University,Geng Hong,https://ghong.site,https://scholar.google.com/citations?user=XgBZfiUAAAAJ&hl=en&oi=ao
8,Fudan University,Lei Zhang,https://zxlfd.github.io,https://scholar.google.com/citations?user=PFy8xNcAAAAJ&hl=en&oi=ao
8,Fudan University,Zhe Zhou,https://faculty.fudan.edu.cn/zhouzhe/zh_CN/index.htm,https://scholar.google.com/citations?user=opjl8JkAAAAJ&hl=en&oi=ao
8,Fudan University,Bihuan Chen,https://chenbihuan.github.io,https://scholar.google.com/citations?user=Cz-4wl0AAAAJ&hl=en&oi=ao
8,Fudan University,Su Yang,http://homepage.fudan.edu.cn/suyang,
8,Fudan University,Kai Zhang,https://kay21s.github.io,https://scholar.google.com/citations?user=GvuK7z4AAAAJ&hl=en&oi=ao
9,University of Waterloo,Florian Kerschbaum,https://cs.uwaterloo.ca/~fkerschb,https://scholar.google.com/citations?user=aP-_mb8AAAAJ&hl=en&oi=ao
9,University of Waterloo,Yousra Aafer,https://cs.uwaterloo.ca/~yaafer,https://scholar.google.com/citations?user=sx3vhoMAAAAJ&hl=en&oi=ao
9,University of Waterloo,Ian Goldberg,https://cs.uwaterloo.ca/~iang,
9,University of Waterloo,N Asokan,https://cs.uwaterloo.ca/about/people/n-asokan,https://scholar.google.com/citations?user=0MqQ8AgAAAAJ&hl=en&oi=ao
9,University of Waterloo,Sergey Gorbunov,https://cs.uwaterloo.ca/~sgorbuno,https://scholar.google.com/citations?user=joZ7vIgAAAAJ&hl=en&oi=ao
9,University of Waterloo,Urs Hengartner,https://cs.uwaterloo.ca/~uhengart,https://scholar.google.com/citations?user=FPSbtssAAAAJ&hl=en&oi=ao
9,University of Waterloo,Douglas Stebila,https://www.douglas.stebila.ca,https://scholar.google.com/citations?user=b1DDIcYAAAAJ&hl=en&oi=ao
9,University of Waterloo,Diogo Barradas,https://cs.uwaterloo.ca/~dbarrada,https://scholar.google.com/citations?user=hJcIUzkAAAAJ&hl=en&oi=ao
9,University of Waterloo,Sihang Liu,https://www.sihangliu.com,https://scholar.google.com/citations?user=MapJqQYAAAAJ&hl=en&oi=ao
9,University of Waterloo,Sujaya Maiyya,https://cs.uwaterloo.ca/~smaiyya,https://scholar.google.com/citations?user=9pZLKbgAAAAJ&hl=en&oi=ao
9,University of Waterloo,Meng Xu,https://cs.uwaterloo.ca/~m285xu,
10,Carnegie Mellon University,Bryan Parno,https://www.cylab.cmu.edu/education/faculty/parno.html,https://scholar.google.com/citations?user=kTTBpJkAAAAJ&hl=en&oi=ao
10,Carnegie Mellon University,Riccardo Paccagnella,https://www.cs.cmu.edu/~rpaccagn,https://scholar.google.com/citations?user=yUt1PFIAAAAJ&hl=en&oi=ao
10,Carnegie Mellon University,Yuvraj Agarwal,http://www.synergylabs.org/yuvraj,https://scholar.google.com/citations?user=H4UeZ2MAAAAJ&hl=en&oi=ao
10,Carnegie Mellon University,Nicolas Christin,http://www.andrew.cmu.edu/user/nicolasc,https://scholar.google.com/citations?user=X5buTmMAAAAJ&hl=en&oi=ao
10,Carnegie Mellon University,Vyas Sekar,https://users.ece.cmu.edu/~vsekar,https://scholar.google.com/citations?user=5V852JcAAAAJ&hl=en&oi=ao
10,Carnegie Mellon University,Lorrie Faith Cranor,http://lorrie.cranor.org,https://scholar.google.com/citations?user=kIUqgbcAAAAJ&hl=en&oi=ao
10,Carnegie Mellon University,Elaine Shi,http://elaineshi.com,https://scholar.google.com/citations?user=rejzeocAAAAJ&hl=en&oi=ao
10,Carnegie Mellon University,Lujo Bauer,http://www.ece.cmu.edu/~lbauer,https://scholar.google.com/citations?user=5cJzDZEAAAAJ&hl=en&oi=ao
10,Carnegie Mellon University,Wenting Zheng,https://wzheng.github.io,https://scholar.google.com/citations?user=OeDgxpgAAAAJ&hl=en&oi=ao
10,Carnegie Mellon University,Matt Fredrikson,http://www.cs.cmu.edu/~mfredrik,https://scholar.google.com/citations?user=tMYCvLAAAAAJ&hl=en&oi=ao
10,Carnegie Mellon University,Alessandro Acquisti,http://www.heinz.cmu.edu/~acquisti,https://scholar.google.com/citations?user=2XCryp4AAAAJ&hl=en&oi=ao
10,Carnegie Mellon University,Anupam Datta,http://www.andrew.cmu.edu/user/danupam,https://scholar.google.com/citations?user=oK3QM1wAAAAJ&hl=en&oi=ao
10,Carnegie Mellon University,Virgil D Gligor,https://users.ece.cmu.edu/~virgil,
10,Carnegie Mellon University,Claire Le Goues,https://clairelegoues.com,https://scholar.google.com/citations?user=Cmr9ljkAAAAJ&hl=en&oi=ao
10,Carnegie Mellon University,Vipul Goyal,https://www.cs.cmu.edu/~goyal,https://scholar.google.com/citations?user=BYLsgysAAAAJ&hl=en&oi=ao
10,Carnegie Mellon University,Jason I Hong,http://www.cs.cmu.edu/~jasonh,https://scholar.google.com/citations?user=MoFbcc0AAAAJ&hl=en&oi=ao
10,Carnegie Mellon University,Daphne Ippolito,https://www.daphnei.com,https://scholar.google.com/citations?user=COEsqLYAAAAJ&hl=en&oi=ao
10,Carnegie Mellon University,Swarun Kumar,https://swarunkumar.com,https://scholar.google.com/citations?user=WfaqxlgAAAAJ&hl=en&oi=ao
10,Carnegie Mellon University,Graham Neubig,http://www.phontron.com,https://scholar.google.com/citations?user=wlosgkoAAAAJ&hl=en&oi=ao
10,Carnegie Mellon University,Rohan Padhye,https://rohan.padhye.org,https://scholar.google.com/citations?user=XI03UxYAAAAJ&hl=en&oi=ao
10,Carnegie Mellon University,Bogdan Vasilescu,http://bvasiles.github.io,https://scholar.google.com/citations?user=bcXjlqYAAAAJ&hl=en&oi=ao
11,Stony Brook University,Ting Wang,https://alps-lab.github.io,https://scholar.google.com/citations?user=cwcBTegAAAAJ&hl=en&oi=ao
11,Stony Brook University,Nick Nikiforakis,https://www.cs.stonybrook.edu/people/faculty/NickNikiforakis,https://scholar.google.com/citations?user=VgrmjeYAAAAJ&hl=en&oi=ao
11,Stony Brook University,Michalis Polychronakis,https://www3.cs.stonybrook.edu/~mikepo,https://scholar.google.com/citations?user=JBPcwIEAAAAJ&hl=en&oi=ao
11,Stony Brook University,Radu Sion,https://www.cs.stonybrook.edu/people/faculty/RaduSion,https://scholar.google.com/citations?user=cn-X2AIAAAAJ&hl=en&oi=ao
11,Stony Brook University,Omar Chowdhury,https://www.cs.stonybrook.edu/people/faculty/OmarChowdhury,https://scholar.google.com/citations?user=8QhYsz8AAAAJ&hl=en&oi=ao
11,Stony Brook University,Dongyoon Lee,https://www3.cs.stonybrook.edu/~dongyoon,https://scholar.google.com/citations?user=eoRn6NkAAAAJ&hl=en&oi=ao
11,Stony Brook University,Amir Rahmati,https://amir.rahmati.com,https://scholar.google.com/citations?user=_Y_YRLAAAAAJ&hl=en&oi=ao
11,Stony Brook University,Shubham Jain,https://www3.cs.stonybrook.edu/~jain,https://scholar.google.com/citations?user=P9Z011YAAAAJ&hl=en&oi=ao
11,Stony Brook University,R Sekar,http://seclab.cs.sunysb.edu/sekar,https://scholar.google.com/citations?user=FBIbhGoAAAAJ&hl=en&oi=ao
11,Stony Brook University,Michael Ferdman,http://compas.cs.stonybrook.edu/~mferdman,https://scholar.google.com/citations?user=u9J1aE4AAAAJ&hl=en&oi=ao
11,Stony Brook University,Arie E Kaufman,http://www3.cs.stonybrook.edu/~ari,https://scholar.google.com/citations?user=fDdcWBEAAAAJ&hl=en&oi=ao
12,RuhrUniversity Bochum,Yuval Yarom,https://yuval.yarom.org,https://scholar.google.com/citations?user=gUnKl-cAAAAJ&hl=en&oi=ao
12,RuhrUniversity Bochum,Jrg Schwenk,http://nds.rub.de/chair/people/joerg-schwenk,https://scholar.google.com/citations?user=IetgqsgAAAAJ&hl=en&oi=ao
12,RuhrUniversity Bochum,Amir Moradi,https://www.seceng.rub.de/moradi,https://scholar.google.com/citations?user=CumYJ2IAAAAJ&hl=en&oi=ao
12,RuhrUniversity Bochum,Tim Gneysu,http://www.seceng.rub.de/chair/staff/gueneysu,https://scholar.google.com/citations?user=QrXiIS0AAAAJ&hl=en&oi=ao
12,RuhrUniversity Bochum,M Angela Sasse,https://www.ei.ruhr-uni-bochum.de/fakultaet/personen/sasse,https://scholar.google.com/citations?user=9H_eJqAAAAAJ&hl=en&oi=ao
12,RuhrUniversity Bochum,Eike Kiltz,http://kiltz.net,https://scholar.google.com/citations?user=8d8jP60AAAAJ&hl=en&oi=ao
12,RuhrUniversity Bochum,Kevin Borgolte,https://kevin.borgolte.me,https://scholar.google.com/citations?user=20bCZ_IAAAAJ&hl=en&oi=ao
12,RuhrUniversity Bochum,Nils Fleischhacker,https://www.crypto.ruhr-uni-bochum.de/staff/fleischhacker.html.en,https://scholar.google.com/citations?user=cJpkmxsAAAAJ&hl=en&oi=ao
12,RuhrUniversity Bochum,Ghassan Karame,http://www.ghassankarame.com,https://scholar.google.com/citations?user=C7StKesAAAAJ&hl=en&oi=ao
12,RuhrUniversity Bochum,Gregor Leander,http://www.crypto.rub.de/staff/leander.html.en,https://scholar.google.com/citations?user=qv21mtIAAAAJ&hl=en&oi=ao
12,RuhrUniversity Bochum,Karola Marky,https://karolamarky.pinyto.de/en/home,https://scholar.google.com/citations?user=FycJHgUAAAAJ&hl=en&oi=ao
12,RuhrUniversity Bochum,Alexander May,http://www.cits.rub.de/personen/may.html,https://scholar.google.com/citations?user=oD5v0XoAAAAJ&hl=en&oi=ao
13,Indiana University,XiaoFeng Wang,http://www.informatics.indiana.edu/xw7,https://scholar.google.com/citations?user=u4dhRkQAAAAJ&hl=en&oi=ao
13,Indiana University,Luyi Xing,https://luyixing.weebly.com,https://scholar.google.com/citations?user=xTjH_GAAAAAJ&hl=en&oi=ao
13,Indiana University,Xiaojing Liao,http://www.xiaojingliao.com,
13,Indiana University,Hang Zhang,https://hangz.me,https://scholar.google.com/citations?user=rX6AIFcAAAAJ&hl=en&oi=ao
13,Indiana University,Apu Kapadia,http://www.cs.indiana.edu/~kapadia,https://scholar.google.com/citations?user=r42-hFIAAAAJ&hl=en&oi=ao
13,Indiana University,Haixu Tang,http://www.informatics.indiana.edu/hatang,https://scholar.google.com/citations?user=4Hywr5UAAAAJ&hl=en&oi=ao
13,Indiana University,David J Crandall,http://www.cs.indiana.edu/~djcran,https://scholar.google.com/citations?user=8bQRH5YAAAAJ&hl=en&oi=ao
13,Indiana University,Yan Huang,http://homes.soic.indiana.edu/yh33,https://scholar.google.com/citations?user=aKpQjaQAAAAJ&hl=en&oi=ao
13,Indiana University,Chenghong Wang,https://luddy.indiana.edu/contact/profile/index.html?Chenghong_Wang,https://scholar.google.com/citations?user=92DM_CQAAAAJ&hl=en&oi=ao
14,University of Chicago,Bo Li,https://aisecure.github.io,https://scholar.google.com/citations?user=K8vJkTcAAAAJ&hl=en&oi=ao
14,University of Chicago,Ben Y Zhao,http://people.cs.uchicago.edu/~ravenben,https://scholar.google.com/citations?user=cYReSuEAAAAJ&hl=en&oi=ao
14,University of Chicago,Haitao Zheng,https://people.cs.uchicago.edu/~htzheng,https://scholar.google.com/citations?user=XrIr0nYAAAAJ&hl=en&oi=ao
14,University of Chicago,Blase Ur,http://www.blaseur.com,https://scholar.google.com/citations?user=3Xql0fwAAAAJ&hl=en&oi=ao
14,University of Chicago,Nick Feamster,https://people.cs.uchicago.edu/~feamster,https://scholar.google.com/citations?user=xYfYnG4AAAAJ&hl=en&oi=ao
14,University of Chicago,Ce Zhang,https://zhangce.github.io,https://scholar.google.com/citations?user=GkXqbmMAAAAJ&hl=en&oi=ao
14,University of Chicago,Marshini Chetty,https://marshini.net,https://scholar.google.com/citations?user=eVJ6NTIAAAAJ&hl=en&oi=ao
14,University of Chicago,David Cash,https://people.cs.uchicago.edu/~davidcash,https://scholar.google.com/citations?user=K0rhcG0AAAAJ&hl=en&oi=ao
14,University of Chicago,Aloni Cohen,https://aloni.net,https://scholar.google.com/citations?user=g7Op2tgAAAAJ&hl=en&oi=ao
14,University of Chicago,Grant Ho,https://cs.uchicago.edu/people/grant-ho,https://scholar.google.com/citations?user=EASHOTUAAAAJ&hl=en&oi=ao
14,University of Chicago,Yuxin Chen,https://www.cs.uchicago.edu/people/profile/yuxin-chen1,https://scholar.google.com/citations?user=-k1N7HAAAAAJ&hl=en&oi=ao
14,University of Chicago,Rana Hanocka,http://people.cs.uchicago.edu/~ranahanocka,https://scholar.google.com/citations?user=3Bk5C9EAAAAJ&hl=en&oi=ao
14,University of Chicago,Henry Hoffmann,http://people.cs.uchicago.edu/~hankhoffmann,https://scholar.google.com/citations?user=COjq9XUAAAAJ&hl=en&oi=ao
15,National University of Singapore,Prateek Saxena,https://www.comp.nus.edu.sg/~prateeks,https://scholar.google.com/citations?user=7YoDkzsAAAAJ&hl=en&oi=ao
15,National University of Singapore,Abhik Roychoudhury,https://www.comp.nus.edu.sg/~abhik,https://scholar.google.com/citations?user=UxFWSJIAAAAJ&hl=en&oi=ao
15,National University of Singapore,Jiaheng Zhang,https://zjhzjh123.github.io,https://scholar.google.com/citations?user=vh90--IAAAAJ&hl=en&oi=ao
15,National University of Singapore,Zhenkai Liang,https://www.comp.nus.edu.sg/~liangzk,https://scholar.google.com/citations?user=SXfOJjcAAAAJ&hl=en&oi=ao
15,National University of Singapore,Jin Song Dong,https://www.comp.nus.edu.sg/~dongjs,https://scholar.google.com/citations?user=tuLa1AsAAAAJ&hl=en&oi=ao
15,National University of Singapore,Xiaokui Xiao,http://www.comp.nus.edu.sg/~xiaoxk,https://scholar.google.com/citations?user=BpgsGX0AAAAJ&hl=en&oi=ao
15,National University of Singapore,Haifeng Yu,https://www.comp.nus.edu.sg/~yuhf,https://scholar.google.com/citations?user=IDxePZ0AAAAJ&hl=en&oi=ao
15,National University of Singapore,Trevor E Carlson,https://www.comp.nus.edu.sg/~tcarlson,https://scholar.google.com/citations?user=bUK5DP4AAAAJ&hl=en&oi=ao
15,National University of Singapore,Mun Choon Chan,https://www.comp.nus.edu.sg/~chanmc,https://scholar.google.com/citations?user=QVeujWMAAAAJ&hl=en&oi=ao
15,National University of Singapore,Aquinas Hobor,https://www.comp.nus.edu.sg/~hobor,
15,National University of Singapore,Reza Shokri,https://www.comp.nus.edu.sg/~reza,https://scholar.google.com/citations?user=udlZXXcAAAAJ&hl=en&oi=ao
15,National University of Singapore,Divesh Aggarwal,https://sites.google.com/site/diveshhomepage,https://scholar.google.com/citations?user=H6sfzfwAAAAJ&hl=en&oi=ao
15,National University of Singapore,TatSeng Chua,http://www.comp.nus.edu.sg/~chuats,https://scholar.google.com/citations?user=Z9DWCBEAAAAJ&hl=en&oi=ao
15,National University of Singapore,Bryan Hooi,https://www.comp.nus.edu.sg/~bhooi,https://scholar.google.com/citations?user=ErEL3bgAAAAJ&hl=en&oi=ao
15,National University of Singapore,Ilya Sergey,https://www.yale-nus.edu.sg/about/faculty/ilya-sergey,https://scholar.google.com/citations?user=oCIeffUAAAAJ&hl=en&oi=ao
15,National University of Singapore,Prashant Nalini Vasudevan,https://www.comp.nus.edu.sg/~prashant,https://scholar.google.com/citations?user=ZzJO3UkAAAAJ&hl=en&oi=ao
16,Arizona State University,Adam Doup,http://adamdoupe.com,https://scholar.google.com/citations?user=hsJqhNAAAAAJ&hl=en&oi=ao
16,Arizona State University,Yan Shoshitaishvili,http://www.yancomm.net,https://scholar.google.com/citations?user=ff1RkwcAAAAJ&hl=en&oi=ao
16,Arizona State University,Tiffany Bao,https://www.tiffanybao.com,https://scholar.google.com/citations?user=mOraMN8AAAAJ&hl=en&oi=ao
16,Arizona State University,Ruoyu Wang,https://ruoyuwang.me,https://scholar.google.com/citations?user=pi3Z8FgAAAAJ&hl=en&oi=ao
16,Arizona State University,Adil Ahmad,https://adil-ahmad.net,https://scholar.google.com/citations?user=BYJEZ4kAAAAJ&hl=en&oi=ao
16,Arizona State University,GailJoon Ahn,http://www.public.asu.edu/~gahn1,https://scholar.google.com/citations?user=_dzO69sAAAAJ&hl=en&oi=ao
16,Arizona State University,Xusheng Xiao,https://xusheng-xiao.github.io,https://scholar.google.com/citations?user=qVx6V7UAAAAJ&hl=en&oi=ao
16,Arizona State University,Deliang Fan,https://dfan.engineering.asu.edu,https://scholar.google.com/citations?user=sAflhJUAAAAJ&hl=en&oi=ao
16,Arizona State University,Jedidiah R Crandall,https://www.cs.unm.edu/~crandall,https://scholar.google.com/citations?user=nOF9akgAAAAJ&hl=en&oi=ao
16,Arizona State University,Rakibul Hasan,https://rakib062.github.io,https://scholar.google.com/citations?user=EuZ5pnwAAAAJ&hl=en&oi=ao
16,Arizona State University,Ni Trieu,https://nitrieu.github.io,https://scholar.google.com/citations?user=esITaOoAAAAJ&hl=en&oi=ao
16,Univ of California  Berkeley,Dawn Song,https://www2.eecs.berkeley.edu/Faculty/Homepages/song.html,https://scholar.google.com/citations?user=84WzBlYAAAAJ&hl=en&oi=ao
16,Univ of California  Berkeley,Raluca A Popa,http://www.eecs.berkeley.edu/~raluca,https://scholar.google.com/citations?user=NvKHgzkAAAAJ&hl=en&oi=ao
16,Univ of California  Berkeley,Sanjam Garg,http://www.cs.berkeley.edu/~sanjamg,https://scholar.google.com/citations?user=mb8mQH8AAAAJ&hl=en&oi=ao
16,Univ of California  Berkeley,David A Wagner,http://www.cs.berkeley.edu/~daw,https://scholar.google.com/citations?user=67kghxAAAAAJ&hl=en&oi=ao
16,Univ of California  Berkeley,Vern Paxson,http://www.icir.org/vern,https://scholar.google.com/citations?user=HvwPRJ0AAAAJ&hl=en&oi=ao
16,Univ of California  Berkeley,Koushik Sen,http://www.eecs.berkeley.edu/Faculty/Homepages/ksen.html,https://scholar.google.com/citations?user=Vn3L_ioAAAAJ&hl=en&oi=ao
16,Univ of California  Berkeley,Ion Stoica,http://www.cs.berkeley.edu/~istoica,https://scholar.google.com/citations?user=vN-is70AAAAJ&hl=en&oi=ao
16,Univ of California  Berkeley,Joseph M Hellerstein,http://citris-uc.org/person/professor-joseph-hellerstein,https://scholar.google.com/citations?user=uFJi3IUAAAAJ&hl=en&oi=ao
16,Univ of California  Berkeley,Michael I Jordan,http://www.cs.berkeley.edu/~jordan,https://scholar.google.com/citations?user=yxUduqMAAAAJ&hl=en&oi=ao
16,Univ of California  Berkeley,James F OBrien,http://obrien.berkeley.edu,https://scholar.google.com/citations?user=UWZA0v4AAAAJ&hl=en&oi=ao
16,Univ of California  Berkeley,Sylvia Ratnasamy,http://www.eecs.berkeley.edu/~sylvia,https://scholar.google.com/citations?user=sAdDcvQAAAAJ&hl=en&oi=ao
16,Univ of California  Berkeley,Sanjit A Seshia,https://people.eecs.berkeley.edu/~sseshia,https://scholar.google.com/citations?user=SlZavnIAAAAJ&hl=en&oi=ao
16,Univ of California  Berkeley,Martin J Wainwright,https://www.eecs.berkeley.edu/~wainwrig,https://scholar.google.com/citations?user=J5Rvh6gAAAAJ&hl=en&oi=ao
16,Univ of California  Berkeley,Matei Zaharia,https://people.eecs.berkeley.edu/~matei,https://scholar.google.com/citations?user=I1EvjZsAAAAJ&hl=en&oi=ao
16,University of Wisconsin  Madison,Somesh Jha,http://pages.cs.wisc.edu/~jha,https://scholar.google.com/citations?user=BaI7l8QAAAAJ&hl=en&oi=ao
16,University of Wisconsin  Madison,Rahul Chatterjee,https://pages.cs.wisc.edu/~chatterjee,https://scholar.google.com/citations?user=lR6kCu4AAAAJ&hl=en&oi=ao
16,University of Wisconsin  Madison,Kassem Fawaz,https://kassemfawaz.com,https://scholar.google.com/citations?user=8TINuv4AAAAJ&hl=en&oi=ao
16,University of Wisconsin  Madison,Patrick D McDaniel,http://www.patrickmcdaniel.org,https://scholar.google.com/citations?user=AMGqrI0AAAAJ&hl=en&oi=ao
16,University of Wisconsin  Madison,Michael M Swift,http://pages.cs.wisc.edu/~swift,https://scholar.google.com/citations?user=pqIGLH4AAAAJ&hl=en&oi=ao
16,University of Wisconsin  Madison,Chaowei Xiao,https://xiaocw11.github.io,https://scholar.google.com/citations?user=Juoqtj8AAAAJ&hl=en&oi=ao
16,University of Wisconsin  Madison,Younghyun Kim,https://wisest.ece.wisc.edu/staff/kim-younghyun,https://scholar.google.com/citations?user=ac0WJaEAAAAJ&hl=en&oi=ao
16,University of Wisconsin  Madison,Yuhang Zhao,https://www.yuhangz.com,https://scholar.google.com/citations?user=yeNjTZUAAAAJ&hl=en&oi=ao
16,University of Wisconsin  Madison,Aws Albarghouthi,http://pages.cs.wisc.edu/~aws,https://scholar.google.com/citations?user=CUbC2zYAAAAJ&hl=en&oi=ao
16,University of Wisconsin  Madison,Andrea C ArpaciDusseau,http://pages.cs.wisc.edu/~dusseau,https://scholar.google.com/citations?user=8VkvOEEAAAAJ&hl=en&oi=ao
16,University of Wisconsin  Madison,Paul Barford,http://pages.cs.wisc.edu/~pb,https://scholar.google.com/citations?user=4uypulQAAAAJ&hl=en&oi=ao
16,University of Wisconsin  Madison,Ethan Cecchetti,https://ethan.umiacs.io,https://scholar.google.com/citations?user=GoanxxoAAAAJ&hl=en&oi=ao
16,University of Wisconsin  Madison,Yong Jae Lee,https://pages.cs.wisc.edu/~yongjaelee,https://scholar.google.com/citations?user=ZPtPmrkAAAAJ&hl=en&oi=ao
16,University of Wisconsin  Madison,Parameswaran Ramanathan,https://ramanathan.ece.wisc.edu,https://scholar.google.com/citations?user=2E7drZAAAAAJ&hl=en&oi=ao
19,TU Darmstadt,AhmadReza Sadeghi,https://www.trust.informatik.tu-darmstadt.de/people/ahmad-reza-sadeghi,https://scholar.google.com/citations?user=p66Ie-YAAAAJ&hl=en&oi=ao
19,TU Darmstadt,Michael Waidner,https://www.sit.informatik.tu-darmstadt.de/de/security-in-information-technology/staff/michael-waidner,https://scholar.google.com/citations?user=AyRNYLoAAAAJ&hl=en&oi=ao
19,TU Darmstadt,Matthias Hollick,https://www.seemoo.tu-darmstadt.de/team/matthias-hollick,
19,TU Darmstadt,Thomas Schneider,https://www.thomaschneider.de,https://scholar.google.com/citations?user=E31PR1oAAAAJ&hl=en&oi=ao
19,TU Darmstadt,Sebastian Faust,http://www.sebastian-faust.net,https://scholar.google.com/citations?user=ZJp1L-AAAAAJ&hl=en&oi=ao
19,TU Darmstadt,Marc Fischlin,https://www.cryptoplexity.informatik.tu-darmstadt.de/members/marcfischlin/marcfischlin.en.jsp,https://scholar.google.com/citations?user=gfoYjCMAAAAJ&hl=en&oi=ao
19,TU Darmstadt,Jean Paul Degabriele,https://degabriele.info,https://scholar.google.com/citations?user=UeIJ6RYAAAAJ&hl=en&oi=ao
19,TU Darmstadt,Max Mhlhuser,https://www.informatik.tu-darmstadt.de/fb20/organisation_fb20/studiendekanat/studiendekanat_detailseite_46656.en.jsp,https://scholar.google.com/citations?user=69rd-UAAAAAJ&hl=en&oi=ao
20,Univ of California  San Diego,Deian Stefan,https://cseweb.ucsd.edu/~dstefan,https://scholar.google.com/citations?user=qTVj7nwAAAAJ&hl=en&oi=ao
20,Univ of California  San Diego,Nadia Heninger,https://cseweb.ucsd.edu/~nadiah,https://scholar.google.com/citations?user=okx33sUAAAAJ&hl=en&oi=ao
20,Univ of California  San Diego,Farinaz Koushanfar,https://farinaz.eng.ucsd.edu/home,https://scholar.google.com/citations?user=3XnMVUAAAAAJ&hl=en&oi=ao
20,Univ of California  San Diego,Dean M Tullsen,https://cseweb.ucsd.edu/~tullsen,https://scholar.google.com/citations?user=BEEuinQAAAAJ&hl=en&oi=ao
20,Univ of California  San Diego,Kamalika Chaudhuri,http://cseweb.ucsd.edu/~kamalika,https://scholar.google.com/citations?user=I-DJ7EsAAAAJ&hl=en&oi=ao
20,Univ of California  San Diego,Earlence Fernandes,http://earlence.com,https://scholar.google.com/citations?user=OSPeHGAAAAAJ&hl=en&oi=ao
20,Univ of California  San Diego,Stefan Savage,http://cseweb.ucsd.edu/~savage,https://scholar.google.com/citations?user=_JhgbioAAAAJ&hl=en&oi=ao
20,Univ of California  San Diego,Yuanyuan Zhou,https://cseweb.ucsd.edu/~yyzhou,https://scholar.google.com/citations?user=rWl0U0oAAAAJ&hl=en&oi=ao
20,Univ of California  San Diego,Dinesh Bharadia,https://web.eng.ucsd.edu/~dineshb,https://scholar.google.com/citations?user=5SjaXJsAAAAJ&hl=en&oi=ao
20,Univ of California  San Diego,Aaron Schulman,http://cseweb.ucsd.edu/~schulman,https://scholar.google.com/citations?user=OP27m34AAAAJ&hl=en&oi=ao
20,Univ of California  San Diego,Parinaz Naghizadeh Ardabili,https://jacobsschool.ucsd.edu/people/profile/parinaz-naghizadeh,https://scholar.google.com/citations?user=rbleSIcAAAAJ&hl=en&oi=ao
20,Univ of California  San Diego,Ranjit Jhala,https://ranjitjhala.github.io,https://scholar.google.com/citations?user=H3wb878AAAAJ&hl=en&oi=ao
20,Univ of California  San Diego,Haojian Jin,http://haojianj.in,https://scholar.google.com/citations?user=IivlhesAAAAJ&hl=en&oi=ao
20,Univ of California  San Diego,Sorin Lerner,http://cseweb.ucsd.edu/~lerner,https://scholar.google.com/citations?user=C6Pd5zoAAAAJ&hl=en&oi=ao
20,Univ of California  San Diego,Julian J McAuley,http://cseweb.ucsd.edu/~jmcauley,https://scholar.google.com/citations?user=icbo4M0AAAAJ&hl=en&oi=ao
20,Univ of California  San Diego,Daniele Micciancio,http://cseweb.ucsd.edu/~daniele,https://scholar.google.com/citations?user=8rjreLIAAAAJ&hl=en&oi=ao
20,Univ of California  San Diego,Alex C Snoeren,http://cseweb.ucsd.edu/~snoeren,https://scholar.google.com/citations?user=lBzZU1IAAAAJ&hl=en&oi=ao
20,Univ of California  San Diego,Steven Swanson,http://cseweb.ucsd.edu/~swanson,https://scholar.google.com/citations?user=Ly1WbocAAAAJ&hl=en&oi=ao
20,Univ of California  San Diego,Geoffrey M Voelker,http://cseweb.ucsd.edu/~voelker,https://scholar.google.com/citations?user=ZfDtNpUAAAAJ&hl=en&oi=ao
20,Univ of California  San Diego,Xinyu Zhang,http://xyzhang.ucsd.edu,https://scholar.google.com/citations?user=HQB8W_IAAAAJ&hl=en&oi=ao
20,Univ of California  San Diego,Jishen Zhao,https://cseweb.ucsd.edu/~jzhao,https://scholar.google.com/citations?user=MtkNrygAAAAJ&hl=en&oi=ao
21,University of Maryland  College Park,Michelle L Mazurek,https://www.umiacs.umd.edu/~mmazurek,https://scholar.google.com/citations?user=5ExRjncAAAAJ&hl=en&oi=ao
21,University of Maryland  College Park,Jonathan Katz,https://www.cs.umd.edu/~jkatz,https://scholar.google.com/citations?user=H4rKFc8AAAAJ&hl=en&oi=ao
21,University of Maryland  College Park,Yonghwi Kwon,https://yonghwi-kwon.github.io,https://scholar.google.com/citations?user=YK3KT3kAAAAJ&hl=en&oi=ao
21,University of Maryland  College Park,Dave Levin,http://www.cs.umd.edu/~dml,https://scholar.google.com/citations?user=CLSPQW4AAAAJ&hl=en&oi=ao
21,University of Maryland  College Park,Ian Miers,https://www.cs.umd.edu/people/imiers,https://scholar.google.com/citations?user=21kN_WsAAAAJ&hl=en&oi=ao
21,University of Maryland  College Park,Dana DachmanSoled,https://ece.umd.edu/~danadach,https://scholar.google.com/citations?user=amIl4GwAAAAJ&hl=en&oi=ao
21,University of Maryland  College Park,Tudor Dumitras,http://users.umiacs.umd.edu/~tdumitra,https://scholar.google.com/citations?user=f6terwoAAAAJ&hl=en&oi=ao
21,University of Maryland  College Park,Zaoxing Liu,https://www.cs.umd.edu/~zaoxing,https://scholar.google.com/citations?user=qvK1_5wAAAAJ&hl=en&oi=ao
21,University of Maryland  College Park,Xiaodi Wu,https://www.cs.umd.edu/~xwu,https://scholar.google.com/citations?user=2uex5FkAAAAJ&hl=en&oi=ao
22,Duke University,Neil Zhenqiang Gong,http://people.duke.edu/~zg70,https://scholar.google.com/citations?user=t6uCsYoAAAAJ&hl=en&oi=ao
22,Duke University,Kartik Nayak,https://users.cs.duke.edu/~kartik,https://scholar.google.com/citations?user=JEyz8wEAAAAJ&hl=en&oi=ao
22,Duke University,Pardis Emami Naeini,http://www.cs.duke.edu/~pe48,https://scholar.google.com/citations?user=l0fXzvIAAAAJ&hl=en&oi=ao
22,Duke University,Michael K Reiter,https://reitermk.github.io,https://scholar.google.com/citations?user=qAKfQW0AAAAJ&hl=en&oi=ao
22,Duke University,Danfeng Zhang,https://users.cs.duke.edu/~dz132,https://scholar.google.com/citations?user=rUZN-zQAAAAJ&hl=en&oi=ao
22,Duke University,Bruce M Maggs,https://users.cs.duke.edu/~bmm,https://scholar.google.com/citations?user=Gwrwxa0AAAAJ&hl=en&oi=ao
22,Duke University,Miroslav Pajic,http://people.duke.edu/~mp275,https://scholar.google.com/citations?user=Fbn21-8AAAAJ&hl=en&oi=ao
22,Duke University,Xiaowei Yang,https://users.cs.duke.edu/~xwy,https://scholar.google.com/citations?user=cVTdh_sAAAAJ&hl=en&oi=ao
22,Duke University,Danyang Zhuo,https://danyangzhuo.com,https://scholar.google.com/citations?user=E3yOuvEAAAAJ&hl=en&oi=ao
23,Ohio State University,Zhiqiang Lin,http://web.cse.ohio-state.edu/~lin.3021,https://scholar.google.com/citations?user=6Kuq1acAAAAJ&hl=en&oi=ao
23,Ohio State University,Carter Yagemann,https://carteryagemann.com,https://scholar.google.com/citations?user=h_g0YlsAAAAJ&hl=en&oi=ao
23,Ohio State University,Ting Zhu,https://engineering.osu.edu/people/zhu.3445,https://scholar.google.com/citations?user=BXp6PIIAAAAJ&hl=en&oi=ao
23,Ohio State University,Raef Bassily,https://sites.google.com/view/rbassily,https://scholar.google.com/citations?user=C8qMVQUAAAAJ&hl=en&oi=ao
23,Ohio State University,Atanas Rountev,http://web.cse.ohio-state.edu/~rountev,https://scholar.google.com/citations?user=Y9Jw4lcAAAAJ&hl=en&oi=ao
23,Ohio State University,Huan Sun,http://web.cse.ohio-state.edu/~huansun,https://scholar.google.com/citations?user=LHk840AAAAAJ&hl=en&oi=ao
23,Ohio State University,Radu Teodorescu,http://web.cse.ohio-state.edu/~teodores,https://scholar.google.com/citations?user=IKz0hvkAAAAJ&hl=en&oi=ao
24,George Mason University,Kun Sun,https://csis.gmu.edu/ksun,https://scholar.google.com/citations?user=u18hG4gAAAAJ&hl=en&oi=ao
24,George Mason University,Xiaokuan Zhang,https://mainarke.github.io,https://scholar.google.com/citations?user=HbuPL5IAAAAJ&hl=en&oi=ao
24,George Mason University,Qiang Zeng,https://cs.gmu.edu/~qzeng2,
24,George Mason University,Giuseppe Ateniese,https://ateniese.github.io,https://scholar.google.com/citations?user=EyZJ08MAAAAJ&hl=en&oi=ao
24,George Mason University,S Dov Gordon,http://cs.gmu.edu/~gordon,https://scholar.google.com/citations?user=wS_5894AAAAJ&hl=en&oi=ao
24,George Mason University,Evgenios M Kornaropoulos,https://cs.gmu.edu/~evgenios,https://scholar.google.com/citations?user=2s0r_AkAAAAJ&hl=en&oi=ao
24,George Mason University,Lannan Luo,https://lannan.github.io,https://scholar.google.com/citations?user=JPXjw04AAAAJ&hl=en&oi=ao
24,George Mason University,Nora McDonald,https://cs.gmu.edu/directory/detail/173,https://scholar.google.com/citations?user=u3BoLzgAAAAJ&hl=en&oi=ao
24,George Mason University,Foteini Baldimtsi,http://www.baldimtsi.com,https://scholar.google.com/citations?user=Wrx-9LUAAAAJ&hl=en&oi=ao
24,George Mason University,Songqing Chen,https://cs.gmu.edu/~sqchen,https://scholar.google.com/citations?user=T7IRM8EAAAAJ&hl=en&oi=ao
24,George Mason University,Khaled N Khasawneh,https://sites.google.com/view/knkhasawneh/khaled-n-khasawneh,https://scholar.google.com/citations?user=GEZeHMEAAAAJ&hl=en&oi=ao
24,George Mason University,Parth H Pathak,http://www.phpathak.com,https://scholar.google.com/citations?user=VP4egzMAAAAJ&hl=en&oi=ao
25,Northeastern University,Long Lu,http://www.longlu.org,https://scholar.google.com/citations?user=5whzpxEAAAAJ&hl=en&oi=ao
25,Northeastern University,Engin Kirda,http://www.ccs.neu.edu/home/ek,https://scholar.google.com/citations?user=AHh8JssAAAAJ&hl=en&oi=ao
25,Northeastern University,Kevin Fu,https://web.eecs.umich.edu/~kevinfu,https://scholar.google.com/citations?user=8uK6aCEAAAAJ&hl=en&oi=ao
25,Northeastern University,Alina Oprea,http://www.ccs.neu.edu/home/alina,https://scholar.google.com/citations?user=16J3izoAAAAJ&hl=en&oi=ao
25,Northeastern University,Aanjhan Ranganathan,https://www.aanjhan.com,https://scholar.google.com/citations?user=Jid_EAkAAAAJ&hl=en&oi=ao
25,Northeastern University,Alan Mislove,http://www.ccs.neu.edu/home/amislove,https://scholar.google.com/citations?user=oAqKi9MAAAAJ&hl=en&oi=ao
25,Northeastern University,Guevara Noubir,http://www.ccs.neu.edu/home/noubir,https://scholar.google.com/citations?user=pUaHHjUAAAAJ&hl=en&oi=ao
25,Northeastern University,Xue Lin,https://web.northeastern.edu/xuelin,https://scholar.google.com/citations?user=p87KNLIAAAAJ&hl=en&oi=ao
25,Northeastern University,Cristina NitaRotaru,http://www.ccis.northeastern.edu/people/cristina-nita-rotaru,https://scholar.google.com/citations?user=mGxYfZUAAAAJ&hl=en&oi=ao
25,Northeastern University,Abhi Shelat,https://shelat.khoury.neu.edu,https://scholar.google.com/citations?user=Te94nKAAAAAJ&hl=en&oi=ao
25,Northeastern University,Jonathan R Ullman,http://www.ccis.northeastern.edu/people/jonathan-ullman,https://scholar.google.com/citations?user=WfS41RAAAAAJ&hl=en&oi=ao
25,Northeastern University,Gregory D Abowd,https://www.khoury.northeastern.edu/people/gregory-abowd,https://scholar.google.com/citations?user=gb8sbdcAAAAJ&hl=en&oi=ao
25,Northeastern University,David R Choffnes,http://david.choffnes.com,https://scholar.google.com/citations?user=OG2QONwAAAAJ&hl=en&oi=ao
25,Northeastern University,William K Robertson,http://www.ccis.northeastern.edu/people/william-robertson,https://scholar.google.com/citations?user=VxWLGyoAAAAJ&hl=en&oi=ao
25,Northeastern University,Christo Wilson,http://www.ccs.neu.edu/home/cbw,https://scholar.google.com/citations?user=KzmHyt8AAAAJ&hl=en&oi=ao
26,George Washington University,Yasemin Acar,https://yaseminacar.de,https://scholar.google.com/citations?user=cdFkUdcAAAAJ&hl=en&oi=ao
26,George Washington University,Adam J Aviv,https://adamaviv.com,https://scholar.google.com/citations?user=ExgxufEAAAAJ&hl=en&oi=ao
26,George Washington University,Xiuzhen Cheng,https://www.seas.gwu.edu/~cheng,https://scholar.google.com/citations?user=O1yGhH0AAAAJ&hl=en&oi=ao
26,George Washington University,Poorvi L Vora,https://www.seas.gwu.edu/~poorvi,
26,George Washington University,Arkady Yerukhimovich,https://www2.seas.gwu.edu/~arkady,https://scholar.google.com/citations?user=T_gzzdAAAAAJ&hl=en&oi=ao
26,George Washington University,Sibin Mohan,https://sibin.github.io,https://scholar.google.com/citations?user=MHG755YAAAAJ&hl=en&oi=ao
27,Max Planck Society,Gilles Barthe,https://gbarthe.github.io,
27,Max Planck Society,Peter Schwabe,https://cryptojedi.org/peter,https://scholar.google.com/citations?user=CxxvqmEAAAAJ&hl=en&oi=ao
27,Max Planck Society,Giulio Malavolta,https://sites.google.com/view/giuliomalavolta,https://scholar.google.com/citations?user=_pYEarUAAAAJ&hl=en&oi=ao
27,Max Planck Society,Christof Paar,http://emsec.rub.de/chair/home,https://scholar.google.com/citations?user=w81afLAAAAAJ&hl=en&oi=ao
27,Max Planck Society,Marcel Bhme,https://mboehme.github.io,https://scholar.google.com/citations?user=cWmLE6oAAAAJ&hl=en&oi=ao
27,Max Planck Society,Yixin Zou,https://yixinzou.github.io,https://scholar.google.com/citations?user=3sEYZIEAAAAJ&hl=en&oi=ao
27,Max Planck Society,Bjrn B Brandenburg,http://www.mpi-sws.org/~bbb,https://scholar.google.com/citations?user=xRuGtp4AAAAJ&hl=en&oi=ao
27,Max Planck Society,Peter Druschel,http://www.mpi-sws.org/~druschel,https://scholar.google.com/citations?user=z6ME4e8AAAAJ&hl=en&oi=ao
27,Max Planck Society,Anja Feldmann,https://www.mpi-inf.mpg.de/inet/people/anja-feldmann,https://scholar.google.com/citations?user=mSK3340AAAAJ&hl=en&oi=ao
27,Max Planck Society,Paul Francis,https://francis.mpi-sws.org,https://scholar.google.com/citations?user=pN0GUjkAAAAJ&hl=en&oi=ao
27,Max Planck Society,Deepak Garg,http://www.mpi-sws.org/~dg,https://scholar.google.com/citations?user=BCXxazwAAAAJ&hl=en&oi=ao
28,University of Michigan,Kang G Shin,http://web.eecs.umich.edu/~kgshin,https://scholar.google.com/citations?user=vY7MdLYAAAAJ&hl=en&oi=ao
28,University of Michigan,Roya Ensafi,https://ensa.fi,https://scholar.google.com/citations?user=1eDQjxcAAAAJ&hl=en&oi=ao
28,University of Michigan,Paul Grubbs,https://paulgrubbs.net,https://scholar.google.com/citations?user=LpknufIAAAAJ&hl=en&oi=ao
28,University of Michigan,J Alex Halderman,https://jhalderm.com,https://scholar.google.com/citations?user=h6yXnyEAAAAJ&hl=en&oi=ao
28,University of Michigan,Z Morley Mao,http://web.eecs.umich.edu/~zmao,
28,University of Michigan,Florian Schaub,https://www.si.umich.edu/people/florian-schaub,https://scholar.google.com/citations?user=zg29qGEAAAAJ&hl=en&oi=ao
28,University of Michigan,Atul Prakash,http://web.eecs.umich.edu/~aprakash,https://scholar.google.com/citations?user=kIkHa2IAAAAJ&hl=en&oi=ao
28,University of Michigan,Todd M Austin,http://web.eecs.umich.edu/~taustin,https://scholar.google.com/citations?user=B8O_SVkAAAAJ&hl=en&oi=ao
28,University of Michigan,Ronald G Dreslinski,https://web.eecs.umich.edu/~rdreslin,https://scholar.google.com/citations?user=4O-rMYEAAAAJ&hl=en&oi=ao
28,University of Michigan,JeanBaptiste Jeannin,http://www-personal.umich.edu/~jeannin,https://scholar.google.com/citations?user=o9GQ8w4AAAAJ&hl=en&oi=ao
28,University of Michigan,Mingyan Liu,http://web.eecs.umich.edu/~mingyan,https://scholar.google.com/citations?user=WiIM-MgAAAAJ&hl=en&oi=ao
28,University of Michigan,Satish Narayanasamy,http://web.eecs.umich.edu/~nsatish,https://scholar.google.com/citations?user=MZKvGjYAAAAJ&hl=en&oi=ao
29,Cornell University,Thomas Ristenpart,http://tech.cornell.edu/people/thomas-ristenpart,https://scholar.google.com/citations?user=MGVrVSIAAAAJ&hl=en&oi=ao
29,Cornell University,Ari Juels,http://tech.cornell.edu/people/ari-juels,https://scholar.google.com/citations?user=uf0D-uoAAAAJ&hl=en&oi=ao
29,Cornell University,Nicola Dell,http://nixdell.com,https://scholar.google.com/citations?user=Gb5dtYwAAAAJ&hl=en&oi=ao
29,Cornell University,Vitaly Shmatikov,https://www.cs.cornell.edu/~shmat,
29,Cornell University,Andrew C Myers,http://www.cs.cornell.edu/andru,https://scholar.google.com/citations?user=ovlpa_IAAAAJ&hl=en&oi=ao
29,Cornell University,G Edward Suh,http://www.csl.cornell.edu/~suh,
29,Cornell University,Rachit Agarwal,http://www.cs.cornell.edu/~ragarwal,https://scholar.google.com/citations?user=0YTyPHoAAAAJ&hl=en&oi=ao
29,Cornell University,Justin Hsu,https://justinh.su,https://scholar.google.com/citations?user=HsfKE0sAAAAJ&hl=en&oi=ao
29,Cornell University,Mor Naaman,http://infosci.cornell.edu/faculty/mor-naaman,https://scholar.google.com/citations?user=IeqjwlIAAAAJ&hl=en&oi=ao
30,Univ of California  Riverside,Zhiyun Qian,http://www.cs.ucr.edu/~zhiyunq,
30,Univ of California  Riverside,Heng Yin,http://www.cs.ucr.edu/~heng,https://scholar.google.com/citations?user=_1VlI00AAAAJ&hl=en&oi=ao
30,Univ of California  Riverside,Nael B AbuGhazaleh,http://www.cs.ucr.edu/~nael,https://scholar.google.com/citations?user=AN3f7iAAAAAJ&hl=en&oi=ao
30,Univ of California  Riverside,Emiliano De Cristofaro,https://profiles.ucr.edu/app/home/profile/emiliand,https://scholar.google.com/citations?user=1wfzUuEAAAAJ&hl=en&oi=ao
30,Univ of California  Riverside,Chengyu Song,https://www.cs.ucr.edu/~csong,https://scholar.google.com/citations?user=EoypoXAAAAAJ&hl=en&oi=ao
30,Univ of California  Riverside,Jiasi Chen,http://www.cs.ucr.edu/~jiasi,
30,Univ of California  Riverside,Srikanth V Krishnamurthy,http://www.cs.ucr.edu/~krish,https://scholar.google.com/citations?user=x8UnxSoAAAAJ&hl=en&oi=ao
30,Univ of California  Riverside,Mohsen Lesani,http://www.cs.ucr.edu/%257Elesani,https://scholar.google.com/citations?user=cVLicJYAAAAJ&hl=en&oi=ao
30,Univ of California  Riverside,Silas Richelson,http://people.csail.mit.edu/sirichel,
